{"backedUpFiles":["/sdcard/FIRST/blocks/TurnTable-Arm Fix.js","/sdcard/FIRST/blocks/TestWebCam.blk","/sdcard/FIRST/blocks/TeleOpMode-AT-TurnTable.blk","/sdcard/FIRST/blocks/KetteringQualifier-GameDay-Teleop-New.js","/sdcard/FIRST/blocks/auto.blk","/sdcard/FIRST/blocks/lolThingy.blk","/sdcard/FIRST/blocks/lolThingy.js","/sdcard/FIRST/blocks/TurnTable-Arm Fix.blk","/sdcard/FIRST/blocks/KetteringQualifier-GameDay-Teleop.js","/sdcard/FIRST/blocks/KetteringQualifier-GameDay-Teleop-New.blk","/sdcard/FIRST/blocks/KetteringQualifier-GameDay-Teleop (1).blk","/sdcard/FIRST/blocks/KetteringQualifier-GameDay-Teleop (1).js","/sdcard/FIRST/blocks/KetteringQualifier-GameDay-Teleop.blk","/sdcard/FIRST/blocks/Kettering-GameDay-TeleOp-Final.blk","/sdcard/FIRST/blocks/Kettering-Gameday-Redalliance-Right.blk","/sdcard/FIRST/blocks/StatesChamp-GameDay-TeleOp_v 0 1.js","/sdcard/FIRST/blocks/calibrate.js","/sdcard/FIRST/blocks/Kettering-Gameday-Redalliance-Right.js","/sdcard/FIRST/blocks/TestWebCam.js","/sdcard/FIRST/blocks/RedAlliance_Warehouse-Right.blk","/sdcard/FIRST/blocks/RedAlliance_Warehouse-Right.js","/sdcard/FIRST/blocks/auto.js","/sdcard/FIRST/blocks/Kettering-Gameday-Bluealliance-Left.blk","/sdcard/FIRST/blocks/Kettering-Gameday-Bluealliance-Left.js","/sdcard/FIRST/blocks/autostrafe.blk","/sdcard/FIRST/blocks/autostrafe.js","/sdcard/FIRST/blocks/DuckDetectionTuning.blk","/sdcard/FIRST/blocks/fullRobotControl7trtytfytdtyty.blk","/sdcard/FIRST/blocks/fullRobotControl7trtytfytdtyty.js","/sdcard/FIRST/blocks/Kettering-GameDay-TeleOp-Final.js","/sdcard/FIRST/blocks/TopHatAutonomous.js","/sdcard/FIRST/blocks/DuckDetectionTuning.js","/sdcard/FIRST/blocks/tensorflowProgram (1).blk","/sdcard/FIRST/blocks/tensorflowProgram (1).js","/sdcard/FIRST/blocks/TensorNewCustom.blk","/sdcard/FIRST/blocks/TensorNewCustom.js","/sdcard/FIRST/blocks/TurnAndSpinCarouselll.blk","/sdcard/FIRST/blocks/TurnAndSpinCarouselll.js","/sdcard/FIRST/blocks/StatesChamp-Gameday-Redalliance-Right.blk","/sdcard/FIRST/blocks/StatesChamp-Gameday-Redalliance-Right.js","/sdcard/FIRST/blocks/TestWebCamersersr.blk","/sdcard/FIRST/blocks/target posotion test.blk","/sdcard/FIRST/blocks/target posotion test.js","/sdcard/FIRST/blocks/StatesChamp-Redalliance-Left-RedPark.blk","/sdcard/FIRST/blocks/StatesChamp-Redalliance-Left-RedPark.js","/sdcard/FIRST/blocks/TestWebCamersersr.js","/sdcard/FIRST/blocks/DuckDetectionTuning13123213.blk","/sdcard/FIRST/blocks/DuckDetectionTuning13123213.js","/sdcard/FIRST/blocks/StatesChamp-DuckDetectionTuning.blk","/sdcard/FIRST/blocks/StatesChamp-DuckDetectionTuning.js","/sdcard/FIRST/blocks/StatesChamp-GameDay-TeleOp_v 0 1.blk","/sdcard/FIRST/blocks/Aton Practice.js","/sdcard/FIRST/blocks/BlueAlliance_Carousel_Aditya.blk","/sdcard/FIRST/blocks/BlueAlliance_Carousel_Aditya.js","/sdcard/FIRST/blocks/BlueAlliance_Angles.blk","/sdcard/FIRST/blocks/BlueAlliance_Angles.js","/sdcard/FIRST/blocks/tensorflowProgram_ArmAction.blk","/sdcard/FIRST/blocks/tensorflowProgram_ArmAction.js","/sdcard/FIRST/blocks/RepairRobot.js","/sdcard/FIRST/blocks/field Practice.blk","/sdcard/FIRST/blocks/field Practice.js","/sdcard/FIRST/blocks/Aton Practice.blk","/sdcard/FIRST/blocks/TopHatAutonomous.blk","/sdcard/FIRST/blocks/calibrate.blk","/sdcard/FIRST/blocks/TeleOpMode-AT-GameDay-Final-Touch.blk","/sdcard/FIRST/blocks/RepairRobot.blk","/sdcard/FIRST/blocks/TeleOpMode-AT-GameDay-Final-Touch.js","/sdcard/FIRST/blocks/testy.blk","/sdcard/FIRST/blocks/testy.js","/sdcard/FIRST/blocks/testtriggers.blk","/sdcard/FIRST/blocks/testtriggers.js","/sdcard/FIRST/blocks/PowerPlay-TeleOp.blk","/sdcard/FIRST/blocks/PowerPlay-TeleOp.js","/sdcard/FIRST/blocks/TeleOpMode-AT-GameDay-Final.blk","/sdcard/FIRST/blocks/TeleOpMode-AT-GameDay-Final.js","/sdcard/FIRST/blocks/TeleOpMode-AT-TurnTable.js","/sdcard/FIRST/blocks/PowerPlay-TeleOp-Manual.blk","/sdcard/FIRST/blocks/PowerPlay-TeleOp-Manual.js","/sdcard/FIRST/blocks/TensorTest.blk","/sdcard/FIRST/blocks/TensorTest.js","/sdcard/FIRST/blocks/TopHatManualController.blk","/sdcard/FIRST/blocks/TopHatManualController.js","/sdcard/FIRST/java/src/org/firstinspires/ftc/teamcode/KetteringQualifierGameDayTeleop.java","/sdcard/FIRST/GobildaTurrnTable.xml","/sdcard/FIRST/tflitemodels/PowerPlay.tflite","/sdcard/FIRST/settings/e8d97b81-a194-42b0-beee-7e4a4e8d8c9f.mtpmgr.tmp"],"deviceName":"Control Hub FTC-pop3","modifiedTimes":[{"fileName":"/sdcard/FIRST/blocks/TeleOpMode-AT-TurnTable.blk","time":"Fri Dec 10 23:26:17 CST 2021"},{"fileName":"/sdcard/FIRST/blocks/TurnTable-Arm Fix.js","time":"date: Can't stat /sdcard/FIRST/blocks/TurnTable-Arm: No such file or directory"},{"fileName":"/sdcard/FIRST/blocks/TestWebCam.blk","time":"Sat Dec 11 10:45:31 CST 2021"},{"fileName":"/sdcard/FIRST/blocks/KetteringQualifier-GameDay-Teleop-New.js","time":"Fri Dec 10 22:15:06 CST 2021"},{"fileName":"/sdcard/FIRST/blocks/lolThingy.blk","time":"Sat Oct 30 09:25:58 CDT 2021"},{"fileName":"/sdcard/FIRST/blocks/KetteringQualifier-GameDay-Teleop (1).js","time":"/system/bin/sh: syntax error: '(' unexpected"},{"fileName":"/sdcard/FIRST/blocks/lolThingy.js","time":"Fri Mar  7 19:18:58 CST 2025"},{"fileName":"/sdcard/FIRST/blocks/auto.blk","time":"Sun Dec 12 13:59:38 CST 2021"},{"fileName":"/sdcard/FIRST/blocks/KetteringQualifier-GameDay-Teleop (1).blk","time":"/system/bin/sh: syntax error: '(' unexpected"},{"fileName":"/sdcard/FIRST/blocks/KetteringQualifier-GameDay-Teleop-New.blk","time":"Fri Dec 10 23:26:14 CST 2021"},{"fileName":"/sdcard/FIRST/blocks/TurnTable-Arm Fix.blk","time":"date: Can't stat /sdcard/FIRST/blocks/TurnTable-Arm: No such file or directory"},{"fileName":"/sdcard/FIRST/blocks/calibrate.js","time":"Thu Sep  1 13:44:31 CDT 2022"},{"fileName":"/sdcard/FIRST/blocks/KetteringQualifier-GameDay-Teleop.js","time":"Fri Dec 10 21:32:53 CST 2021"},{"fileName":"/sdcard/FIRST/blocks/StatesChamp-GameDay-TeleOp_v 0 1.js","time":"date: Can't stat /sdcard/FIRST/blocks/StatesChamp-GameDay-TeleOp_v: No such file or directory"},{"fileName":"/sdcard/FIRST/blocks/Kettering-GameDay-TeleOp-Final.blk","time":"Sun Dec 12 13:59:40 CST 2021"},{"fileName":"/sdcard/FIRST/blocks/Kettering-Gameday-Redalliance-Right.blk","time":"Sat Oct 15 22:17:47 CDT 2022"},{"fileName":"/sdcard/FIRST/blocks/KetteringQualifier-GameDay-Teleop.blk","time":"Fri Dec 10 23:26:15 CST 2021"},{"fileName":"/sdcard/FIRST/blocks/RedAlliance_Warehouse-Right.js","time":"Sat Dec 11 00:39:25 CST 2021"},{"fileName":"/sdcard/FIRST/blocks/auto.js","time":"Sat Dec 11 13:01:27 CST 2021"},{"fileName":"/sdcard/FIRST/blocks/TestWebCam.js","time":"Fri Dec 10 23:59:10 CST 2021"},{"fileName":"/sdcard/FIRST/blocks/RedAlliance_Warehouse-Right.blk","time":"Sat Dec 11 10:45:32 CST 2021"},{"fileName":"/sdcard/FIRST/blocks/Kettering-Gameday-Bluealliance-Left.js","time":"Sat Dec 11 10:45:04 CST 2021"},{"fileName":"/sdcard/FIRST/blocks/Kettering-Gameday-Redalliance-Right.js","time":"Sat Dec 11 10:24:26 CST 2021"},{"fileName":"/sdcard/FIRST/blocks/Kettering-Gameday-Bluealliance-Left.blk","time":"Sat Oct 15 22:17:47 CDT 2022"},{"fileName":"/sdcard/FIRST/blocks/autostrafe.js","time":"Sat Dec 11 13:04:38 CST 2021"},{"fileName":"/sdcard/FIRST/blocks/autostrafe.blk","time":"Sun Dec 12 13:59:37 CST 2021"},{"fileName":"/sdcard/FIRST/blocks/Kettering-GameDay-TeleOp-Final.js","time":"Sat Dec 11 12:55:43 CST 2021"},{"fileName":"/sdcard/FIRST/blocks/tensorflowProgram (1).js","time":"/system/bin/sh: syntax error: '(' unexpected"},{"fileName":"/sdcard/FIRST/blocks/DuckDetectionTuning.js","time":"Sun Dec 12 16:09:15 CST 2021"},{"fileName":"/sdcard/FIRST/blocks/fullRobotControl7trtytfytdtyty.blk","time":"Fri Dec 10 23:26:25 CST 2021"},{"fileName":"/sdcard/FIRST/blocks/DuckDetectionTuning.blk","time":"Sun Dec 12 17:33:05 CST 2021"},{"fileName":"/sdcard/FIRST/blocks/tensorflowProgram (1).blk","time":"/system/bin/sh: syntax error: '(' unexpected"},{"fileName":"/sdcard/FIRST/blocks/TopHatAutonomous.js","time":"Wed Dec 15 13:39:56 CST 2021"},{"fileName":"/sdcard/FIRST/blocks/fullRobotControl7trtytfytdtyty.js","time":"Wed Oct 20 19:20:04 CDT 2021"},{"fileName":"/sdcard/FIRST/blocks/TensorNewCustom.blk","time":"Sat Oct 30 09:26:26 CDT 2021"},{"fileName":"/sdcard/FIRST/blocks/TensorNewCustom.js","time":"Sun Oct 24 17:05:56 CDT 2021"},{"fileName":"/sdcard/FIRST/blocks/TurnAndSpinCarouselll.blk","time":"Sat Oct 30 09:26:15 CDT 2021"},{"fileName":"/sdcard/FIRST/blocks/TurnAndSpinCarouselll.js","time":"Sun Oct 24 17:53:14 CDT 2021"},{"fileName":"/sdcard/FIRST/blocks/StatesChamp-Gameday-Redalliance-Right.blk","time":"Sun Dec 12 15:11:59 CST 2021"},{"fileName":"/sdcard/FIRST/blocks/StatesChamp-Gameday-Redalliance-Right.js","time":"Sun Dec 12 13:58:11 CST 2021"},{"fileName":"/sdcard/FIRST/blocks/TestWebCamersersr.blk","time":"Sun Dec 12 15:49:54 CST 2021"},{"fileName":"/sdcard/FIRST/blocks/target posotion test.js","time":"date: Can't stat /sdcard/FIRST/blocks/target: No such file or directory"},{"fileName":"/sdcard/FIRST/blocks/target posotion test.blk","time":"date: Can't stat /sdcard/FIRST/blocks/target: No such file or directory"},{"fileName":"/sdcard/FIRST/blocks/DuckDetectionTuning13123213.blk","time":"Sun Dec 12 15:51:07 CST 2021"},{"fileName":"/sdcard/FIRST/blocks/StatesChamp-Redalliance-Left-RedPark.js","time":"Mon Dec 13 18:52:42 CST 2021"},{"fileName":"/sdcard/FIRST/blocks/TestWebCamersersr.js","time":"Sun Dec 12 15:49:54 CST 2021"},{"fileName":"/sdcard/FIRST/blocks/StatesChamp-Redalliance-Left-RedPark.blk","time":"Tue Dec 14 17:10:34 CST 2021"},{"fileName":"/sdcard/FIRST/blocks/StatesChamp-DuckDetectionTuning.blk","time":"Tue Dec 14 17:10:36 CST 2021"},{"fileName":"/sdcard/FIRST/blocks/DuckDetectionTuning13123213.js","time":"Sun Dec 12 15:51:07 CST 2021"},{"fileName":"/sdcard/FIRST/blocks/Aton Practice.js","time":"date: Can't stat /sdcard/FIRST/blocks/Aton: No such file or directory"},{"fileName":"/sdcard/FIRST/blocks/StatesChamp-GameDay-TeleOp_v 0 1.blk","time":"date: Can't stat /sdcard/FIRST/blocks/StatesChamp-GameDay-TeleOp_v: No such file or directory"},{"fileName":"/sdcard/FIRST/blocks/BlueAlliance_Carousel_Aditya.blk","time":"Sat Dec  4 21:20:51 CST 2021"},{"fileName":"/sdcard/FIRST/blocks/BlueAlliance_Carousel_Aditya.js","time":"Fri Nov  5 19:48:51 CDT 2021"},{"fileName":"/sdcard/FIRST/blocks/StatesChamp-DuckDetectionTuning.js","time":"Sun Dec 12 19:45:21 CST 2021"},{"fileName":"/sdcard/FIRST/blocks/TopHatAutonomous.blk","time":"Thu Dec 16 14:40:33 CST 2021"},{"fileName":"/sdcard/FIRST/blocks/tensorflowProgram_ArmAction.blk","time":"Sat Dec  4 21:20:47 CST 2021"},{"fileName":"/sdcard/FIRST/blocks/BlueAlliance_Angles.blk","time":"Sat Dec  4 21:20:49 CST 2021"},{"fileName":"/sdcard/FIRST/blocks/tensorflowProgram_ArmAction.js","time":"Mon Nov 15 19:09:06 CST 2021"},{"fileName":"/sdcard/FIRST/blocks/calibrate.blk","time":"Sat Oct 15 22:17:45 CDT 2022"},{"fileName":"/sdcard/FIRST/blocks/TeleOpMode-AT-GameDay-Final-Touch.blk","time":"Sat Dec  4 21:20:46 CST 2021"},{"fileName":"/sdcard/FIRST/blocks/BlueAlliance_Angles.js","time":"Wed Nov 10 10:40:31 CST 2021"},{"fileName":"/sdcard/FIRST/blocks/Aton Practice.blk","time":"date: Can't stat /sdcard/FIRST/blocks/Aton: No such file or directory"},{"fileName":"/sdcard/FIRST/blocks/field Practice.js","time":"date: Can't stat /sdcard/FIRST/blocks/field: No such file or directory"},{"fileName":"/sdcard/FIRST/blocks/field Practice.blk","time":"date: Can't stat /sdcard/FIRST/blocks/field: No such file or directory"},{"fileName":"/sdcard/FIRST/blocks/PowerPlay-TeleOp.js","time":"Sun Sep 25 22:23:23 CDT 2022"},{"fileName":"/sdcard/FIRST/blocks/RepairRobot.js","time":"Thu Dec 16 14:30:48 CST 2021"},{"fileName":"/sdcard/FIRST/blocks/PowerPlay-TeleOp.blk","time":"Sat Oct 15 22:17:43 CDT 2022"},{"fileName":"/sdcard/FIRST/blocks/testy.blk","time":"Sat Oct 15 22:17:44 CDT 2022"},{"fileName":"/sdcard/FIRST/blocks/testy.js","time":"Sun Sep 25 15:42:39 CDT 2022"},{"fileName":"/sdcard/FIRST/blocks/testtriggers.blk","time":"Sat Oct 15 22:17:45 CDT 2022"},{"fileName":"/sdcard/FIRST/blocks/TeleOpMode-AT-GameDay-Final-Touch.js","time":"Tue Nov 16 21:11:56 CST 2021"},{"fileName":"/sdcard/FIRST/blocks/testtriggers.js","time":"Sun Sep 25 15:41:33 CDT 2022"},{"fileName":"/sdcard/FIRST/blocks/RepairRobot.blk","time":"Thu Dec 16 14:40:34 CST 2021"},{"fileName":"/sdcard/FIRST/blocks/TensorTest.blk","time":"Sat Oct 15 22:17:41 CDT 2022"},{"fileName":"/sdcard/FIRST/blocks/TeleOpMode-AT-TurnTable.js","time":"Sun Dec  5 13:14:41 CST 2021"},{"fileName":"/sdcard/FIRST/blocks/PowerPlay-TeleOp-Manual.blk","time":"Sat Oct 15 22:17:42 CDT 2022"},{"fileName":"/sdcard/FIRST/blocks/TeleOpMode-AT-GameDay-Final.blk","time":"Fri Dec 10 23:26:26 CST 2021"},{"fileName":"/sdcard/FIRST/blocks/TeleOpMode-AT-GameDay-Final.js","time":"Wed Dec 31 19:00:31 CST 1969"},{"fileName":"/sdcard/FIRST/blocks/PowerPlay-TeleOp-Manual.js","time":"Tue Sep 27 21:24:52 CDT 2022"},{"fileName":"/sdcard/FIRST/settings/e8d97b81-a194-42b0-beee-7e4a4e8d8c9f.mtpmgr.tmp","time":"Wed Oct 27 18:01:06 CDT 2021"},{"fileName":"/sdcard/FIRST/GobildaTurrnTable.xml","time":"Sun Oct 16 11:20:55 CDT 2022"},{"fileName":"/sdcard/FIRST/tflitemodels/PowerPlay.tflite","time":"Tue Oct  4 19:14:42 CDT 2022"},{"fileName":"/sdcard/FIRST/blocks/TopHatManualController.js","time":"Fri Oct  7 21:44:44 CDT 2022"},{"fileName":"/sdcard/FIRST/blocks/TopHatManualController.blk","time":"Sat Oct 15 22:17:41 CDT 2022"},{"fileName":"/sdcard/FIRST/java/src/org/firstinspires/ftc/teamcode/KetteringQualifierGameDayTeleop.java","time":"Fri Dec 10 15:23:13 CST 2021"},{"fileName":"/sdcard/FIRST/blocks/TensorTest.js","time":"Tue Oct  4 19:15:30 CDT 2022"}]}