<?xml version='1.0' encoding='UTF-8' standalone='yes' ?>
<Robot type="FirstInspires-FTC">
    <LynxUsbDevice name="Control Hub Portal" serialNumber="(embedded)" parentModuleAddress="173">
        <LynxModule name="Expansion Hub 1" port="1">
            <goBILDA5202SeriesMotor name="turntable" port="0" />
            <goBILDA5202SeriesMotor name="arm" port="1" />
            <goBILDA5202SeriesMotor name="elbow" port="2" />
        </LynxModule>
        <LynxModule name="Control Hub" port="173">
            <goBILDA5202SeriesMotor name="frontRight" port="0" />
            <goBILDA5202SeriesMotor name="rearRight" port="1" />
            <goBILDA5202SeriesMotor name="frontLeft" port="2" />
            <goBILDA5202SeriesMotor name="rearLeft" port="3" />
            <Servo name="wrist" port="0" />
            <Servo name="claw" port="1" />
            <RevTouchSensor name="armuptouch" port="1" />
            <RevTouchSensor name="turntabletouch" port="3" />
            <RevTouchSensor name="armdowntouch" port="5" />
            <RevTouchSensor name="elbowtouch" port="7" />
            <LynxEmbeddedIMU name="imu" port="0" bus="0" />
        </LynxModule>
    </LynxUsbDevice>
    <Webcam name="Webcam 1" serialNumber="06A03940" />
</Robot>
